DROP DATABASE IF EXISTS magazzino;
CREATE DATABASE magazzino;
USE magazzino;
-- phpMyAdmin SQL Dump
-- version 3.3.3
-- http://www.phpmyadmin.net
--
-- Host: localhost
-- Generato il: 09 feb, 2015 at 08:18 AM
-- Versione MySQL: 5.1.46
-- Versione PHP: 5.3.2

SET SQL_MODE="NO_AUTO_VALUE_ON_ZERO";


/*!40101 SET @OLD_CHARACTER_SET_CLIENT=@@CHARACTER_SET_CLIENT */;
/*!40101 SET @OLD_CHARACTER_SET_RESULTS=@@CHARACTER_SET_RESULTS */;
/*!40101 SET @OLD_COLLATION_CONNECTION=@@COLLATION_CONNECTION */;
/*!40101 SET NAMES utf8 */;

--
-- Database: `20150220`
--

-- --------------------------------------------------------

--
-- Struttura della tabella `articoli`
--

CREATE TABLE IF NOT EXISTS `articoli` (
  `codice` varchar(10) DEFAULT NULL,
  `id_fornitore` int(1) DEFAULT NULL,
  `descrizione` varchar(36) DEFAULT NULL,
  `scorta_minima` int(2) DEFAULT NULL,
  `costo` decimal(5,2) DEFAULT NULL
) ENGINE=MyISAM DEFAULT CHARSET=utf8;

--
-- Dump dei dati per la tabella `articoli`
--

INSERT INTO `articoli` (`codice`, `id_fornitore`, `descrizione`, `scorta_minima`, `costo`) VALUES
('ac00000001', 2, 'Portariviste "Pardo"', 5, 35.00),
('ac00000002', 2, 'Ombrellone giardino colore giallo', 10, 24.00),
('ac00000003', 2, 'Ombrellone giardino colore blu', 14, 24.00),
('ac00000004', 3, 'Carrello giardino portavivande', 3, 30.70),
('ac00000005', 3, 'Sdraio giardino in tek', 12, 158.00),
('ac00000006', 3, 'Sdraio giardino in plastica', 35, 60.00),
('ac00000007', 3, 'Cassettone giardino in tek', 4, 220.55),
('ac00000008', 3, 'Cassettone giardino in plastica', 14, 45.50),
('ac00000012', 3, 'Dondolo giardino metallo', 4, 320.70),
('ac00000022', 3, 'Dondolo giardino in plastica', 11, 140.10),
('ac00000100', 4, 'Set giardinaggio', 5, 31.00),
('ac00000101', 4, 'Vanga', 10, 28.50),
('ac00000102', 4, 'Kit irrigazione giardino', 4, 57.00),
('ac00000103', 4, 'Fioriera in marmo', 3, 350.00),
('ac00000115', 4, 'Fioriera in plastica', 5, 96.00),
('seb0000001', 1, 'Sedia bar modello "Primula"', 25, 48.00),
('seg0000001', 1, 'Sedia giardino modello "Girasole"', 12, 55.00),
('seg0000002', 1, 'Sedia giardino modello "Tulipano"', 10, 38.00),
('seg0000003', 1, 'Sedia giardino modello "Margherita"', 6, 44.00),
('seg0000004', 1, 'Sedia giardino modello "Alfa"', 15, 87.00),
('tvb0000001', 1, 'Tavolo bar ovale 100x90', 2, 330.00),
('tvb0000002', 1, 'Tavolo bar rettangolare 120x110', 3, 390.00),
('tvg0000001', 1, 'Tavolo giardino ovale 100x90', 2, 280.00),
('tvg0000007', 1, 'Tavolo giardino ovale 120x100', 7, 310.00),
('tvg0000011', 1, 'Tavolo giardino rettangolare 100x80', 4, 300.00),
('tvg0000012', 1, 'Tavolo giardino rettangolare 120x110', 5, 345.00),
('tvg0000013', 1, 'Tavolo giardino rotondo 100x100', 3, 280.00);

-- phpMyAdmin SQL Dump
-- version 3.3.3
-- http://www.phpmyadmin.net
--
-- Host: localhost
-- Generato il: 06 feb, 2015 at 10:06 AM
-- Versione MySQL: 5.1.46
-- Versione PHP: 5.3.2

SET SQL_MODE="NO_AUTO_VALUE_ON_ZERO";


/*!40101 SET @OLD_CHARACTER_SET_CLIENT=@@CHARACTER_SET_CLIENT */;
/*!40101 SET @OLD_CHARACTER_SET_RESULTS=@@CHARACTER_SET_RESULTS */;
/*!40101 SET @OLD_COLLATION_CONNECTION=@@COLLATION_CONNECTION */;
/*!40101 SET NAMES utf8 */;

--
-- Database: `20150220`
--

-- --------------------------------------------------------

--
-- Struttura della tabella `email`
--

CREATE TABLE IF NOT EXISTS `email` (
  `id_email` int(2) DEFAULT NULL,
  `fornitore` int(1) DEFAULT NULL,
  `email` varchar(24) DEFAULT NULL,
  `persona` varchar(19) DEFAULT NULL
) ENGINE=MyISAM DEFAULT CHARSET=utf8;

--
-- Dump dei dati per la tabella `email`
--

INSERT INTO `email` (`id_email`, `fornitore`, `email`, `persona`) VALUES
(1, 1, 'a.luiselli@gammasrl.it', 'Sig.Luiselli'),
(2, 1, 'c.guicciardi@gammasrl.it', 'Dott.ssa Guicciardi'),
(3, 1, 'gb.belotti@gammasrl.it', 'Rag.Belotti'),
(4, 1, 'm.delnegro@gammasrl.it', 'Ing.Del Negro'),
(5, 2, 'paulani@metodo.com', 'Rag.Paulani'),
(6, 2, 'promi@metodo.com', 'Sig.ra Promi'),
(7, 2, 'fraquelli@metodo.com', 'Dott.ssa Fraquelli'),
(8, 2, 'donati@metodo.com', 'Dott.Donati'),
(9, 3, 'luca.seminati@lsette.it', 'Sig.Seminati'),
(10, 3, 'marina.quirico@lsette.it', 'Dott.ssa Quirico'),
(11, 4, 'pausini@peg.it', 'Sig.Pausini'),
(12, 4, 'losapio@peg.it', 'Dott.ssa Losapio'),
(13, 4, 'scali@peg.it', 'Rag.Scali'),
(14, 4, 'sottocorna@peg.it', 'Sig.Sottocorna');

-- phpMyAdmin SQL Dump
-- version 3.3.3
-- http://www.phpmyadmin.net
--
-- Host: localhost
-- Generato il: 06 feb, 2015 at 10:06 AM
-- Versione MySQL: 5.1.46
-- Versione PHP: 5.3.2

SET SQL_MODE="NO_AUTO_VALUE_ON_ZERO";


/*!40101 SET @OLD_CHARACTER_SET_CLIENT=@@CHARACTER_SET_CLIENT */;
/*!40101 SET @OLD_CHARACTER_SET_RESULTS=@@CHARACTER_SET_RESULTS */;
/*!40101 SET @OLD_COLLATION_CONNECTION=@@COLLATION_CONNECTION */;
/*!40101 SET NAMES utf8 */;

--
-- Database: `20150220`
--

-- --------------------------------------------------------

--
-- Struttura della tabella `fornitori`
--

CREATE TABLE IF NOT EXISTS `fornitori` (
  `id_fornitore` int(1) DEFAULT NULL,
  `ragione_sociale` varchar(27) DEFAULT NULL,
  `indirizzo` varchar(18) DEFAULT NULL,
  `luogo` int(1) DEFAULT NULL,
  `cap` int(5) DEFAULT NULL
) ENGINE=MyISAM DEFAULT CHARSET=utf8;

--
-- Dump dei dati per la tabella `fornitori`
--

INSERT INTO `fornitori` (`id_fornitore`, `ragione_sociale`, `indirizzo`, `luogo`, `cap`) VALUES
(1, 'Gamma S.r.l.', 'Via delle Rose, 12', 1, 24100),
(2, 'Metodo S.p.a.', 'Corso Manzoni, 78', 1, 20100),
(3, 'Linea Sette S.r.l.', 'Via G.Spano, 9', 2, 10112),
(4, 'Partini & Giacometti S.a.s.', 'Piazza Europa, 5', 3, 30100);

-- phpMyAdmin SQL Dump
-- version 3.3.3
-- http://www.phpmyadmin.net
--
-- Host: localhost
-- Generato il: 06 feb, 2015 at 10:06 AM
-- Versione MySQL: 5.1.46
-- Versione PHP: 5.3.2

SET SQL_MODE="NO_AUTO_VALUE_ON_ZERO";


/*!40101 SET @OLD_CHARACTER_SET_CLIENT=@@CHARACTER_SET_CLIENT */;
/*!40101 SET @OLD_CHARACTER_SET_RESULTS=@@CHARACTER_SET_RESULTS */;
/*!40101 SET @OLD_COLLATION_CONNECTION=@@COLLATION_CONNECTION */;
/*!40101 SET NAMES utf8 */;

--
-- Database: `20150220`
--

-- --------------------------------------------------------

--
-- Struttura della tabella `luoghi`
--

CREATE TABLE IF NOT EXISTS `luoghi` (
  `id_luogo` int(1) DEFAULT NULL,
  `descrizione` varchar(7) DEFAULT NULL
) ENGINE=MyISAM DEFAULT CHARSET=utf8;

--
-- Dump dei dati per la tabella `luoghi`
--

INSERT INTO `luoghi` (`id_luogo`, `descrizione`) VALUES
(1, 'Bergamo'),
(2, 'Milano'),
(3, 'Torino');

-- phpMyAdmin SQL Dump
-- version 3.3.3
-- http://www.phpmyadmin.net
--
-- Host: localhost
-- Generato il: 06 feb, 2015 at 10:07 AM
-- Versione MySQL: 5.1.46
-- Versione PHP: 5.3.2

SET SQL_MODE="NO_AUTO_VALUE_ON_ZERO";


/*!40101 SET @OLD_CHARACTER_SET_CLIENT=@@CHARACTER_SET_CLIENT */;
/*!40101 SET @OLD_CHARACTER_SET_RESULTS=@@CHARACTER_SET_RESULTS */;
/*!40101 SET @OLD_COLLATION_CONNECTION=@@COLLATION_CONNECTION */;
/*!40101 SET NAMES utf8 */;

--
-- Database: `20150220`
--

-- --------------------------------------------------------

--
-- Struttura della tabella `movimentazione`
--

CREATE TABLE IF NOT EXISTS `movimentazione` (
  `ID` int(4) DEFAULT NULL,
  `codice_articolo` varchar(10) DEFAULT NULL,
  `descrizione` varchar(34) DEFAULT NULL,
  `carico` int(3) DEFAULT NULL,
  `scarico` int(2) DEFAULT NULL
) ENGINE=MyISAM DEFAULT CHARSET=utf8;

--
-- Dump dei dati per la tabella `movimentazione`
--

INSERT INTO `movimentazione` (`ID`, `codice_articolo`, `descrizione`, `carico`, `scarico`) VALUES
(2012, 'ac00000001', 'Giacenza iniziale (1 gennaio 2015)', 25, 0),
(2013, 'ac00000002', 'Giacenza iniziale (1 gennaio 2015)', 12, 0),
(2014, 'ac00000003', 'Giacenza iniziale (1 gennaio 2015)', 27, 0),
(2015, 'ac00000004', 'Giacenza iniziale (1 gennaio 2015)', 40, 0),
(2016, 'ac00000005', 'Giacenza iniziale (1 gennaio 2015)', 43, 0),
(2017, 'ac00000006', 'Giacenza iniziale (1 gennaio 2015)', 100, 0),
(2018, 'ac00000007', 'Giacenza iniziale (1 gennaio 2015)', 19, 0),
(2019, 'ac00000008', 'Giacenza iniziale (1 gennaio 2015)', 22, 0),
(2020, 'ac00000012', 'Giacenza iniziale (1 gennaio 2015)', 24, 0),
(2021, 'ac00000022', 'Giacenza iniziale (1 gennaio 2015)', 21, 0),
(2022, 'ac00000100', 'Giacenza iniziale (1 gennaio 2015)', 48, 0),
(2023, 'ac00000101', 'Giacenza iniziale (1 gennaio 2015)', 46, 0),
(2024, 'ac00000102', 'Giacenza iniziale (1 gennaio 2015)', 31, 0),
(2025, 'ac00000103', 'Giacenza iniziale (1 gennaio 2015)', 40, 0),
(2026, 'ac00000115', 'Giacenza iniziale (1 gennaio 2015)', 20, 0),
(2027, 'seb0000001', 'Giacenza iniziale (1 gennaio 2015)', 30, 0),
(2028, 'seg0000001', 'Giacenza iniziale (1 gennaio 2015)', 45, 0),
(2029, 'seg0000002', 'Giacenza iniziale (1 gennaio 2015)', 48, 0),
(2030, 'seg0000003', 'Giacenza iniziale (1 gennaio 2015)', 32, 0),
(2031, 'seg0000004', 'Giacenza iniziale (1 gennaio 2015)', 40, 0),
(2032, 'tvb0000001', 'Giacenza iniziale (1 gennaio 2015)', 31, 0),
(2033, 'tvb0000002', 'Giacenza iniziale (1 gennaio 2015)', 34, 0),
(2034, 'tvg0000001', 'Giacenza iniziale (1 gennaio 2015)', 11, 0),
(2035, 'tvg0000007', 'Giacenza iniziale (1 gennaio 2015)', 33, 0),
(2036, 'tvg0000011', 'Giacenza iniziale (1 gennaio 2015)', 38, 0),
(2037, 'tvg0000012', 'Giacenza iniziale (1 gennaio 2015)', 23, 0),
(2038, 'tvg0000013', 'Giacenza iniziale (1 gennaio 2015)', 41, 0),
(2039, 'tvb0000001', 'Acquisto da fornitore', 11, 0),
(2040, 'ac00000115', 'Vendita a dettagliante', 0, 9),
(2041, 'ac00000006', 'Vendita a cliente finale', 0, 2),
(2042, 'ac00000005', 'Vendita a dettagliante', 0, 11),
(2043, 'seg0000002', 'Vendita a dettagliante', 0, 4),
(2044, 'tvb0000002', 'Acquisto da fornitore', 2, 0),
(2045, 'ac00000100', 'Vendita a dettagliante', 0, 11),
(2046, 'ac00000115', 'Vendita a cliente finale', 0, 1),
(2047, 'seg0000003', 'Vendita a dettagliante', 0, 2),
(2048, 'ac00000004', 'Vendita a cliente finale', 0, 1),
(2049, 'ac00000102', 'Reso a fornitore per difetti', 0, 7),
(2050, 'tvg0000012', 'Vendita a cliente finale', 0, 2),
(2051, 'ac00000002', 'Vendita a cliente finale', 0, 1),
(2052, 'ac00000007', 'Vendita a dettagliante', 0, 3),
(2053, 'seg0000001', 'Vendita a dettagliante', 0, 10),
(2054, 'ac00000102', 'Vendita a cliente finale', 0, 1),
(2055, 'seg0000003', 'Vendita a cliente finale', 0, 1),
(2056, 'ac00000001', 'Vendita a dettagliante', 0, 1),
(2057, 'ac00000115', 'Vendita a cliente finale', 0, 1),
(2058, 'seg0000003', 'Vendita a dettagliante', 0, 11),
(2059, 'ac00000012', 'Acquisto da fornitore', 7, 0),
(2060, 'ac00000008', 'Acquisto da fornitore', 11, 0),
(2061, 'ac00000022', 'Vendita a cliente finale', 0, 3),
(2062, 'ac00000100', 'Reso a fornitore per difetti', 0, 6),
(2063, 'ac00000115', 'Vendita a cliente finale', 0, 3),
(2064, 'tvb0000001', 'Vendita a dettagliante', 0, 8),
(2065, 'ac00000022', 'Acquisto da fornitore', 4, 0),
(2066, 'ac00000004', 'Vendita a cliente finale', 0, 1),
(2067, 'ac00000001', 'Vendita a cliente finale', 0, 2),
(2068, 'ac00000002', 'Reso a fornitore per difetti', 0, 7),
(2069, 'tvg0000013', 'Reso a fornitore per difetti', 0, 4),
(2070, 'ac00000001', 'Vendita a cliente finale', 0, 2),
(2071, 'ac00000004', 'Vendita a dettagliante', 0, 6),
(2072, 'ac00000100', 'Vendita a cliente finale', 0, 3),
(2073, 'seg0000004', 'Vendita a cliente finale', 0, 2),
(2074, 'ac00000008', 'Vendita a dettagliante', 0, 1),
(2075, 'tvg0000011', 'Acquisto da fornitore', 10, 0),
(2076, 'tvg0000012', 'Vendita a dettagliante', 0, 3),
(2077, 'tvb0000002', 'Vendita a dettagliante', 0, 8),
(2078, 'ac00000012', 'Vendita a dettagliante', 0, 5),
(2079, 'ac00000100', 'Vendita a dettagliante', 0, 3),
(2080, 'tvg0000013', 'Vendita a cliente finale', 0, 3),
(2081, 'ac00000102', 'Vendita a cliente finale', 0, 2),
(2082, 'ac00000001', 'Acquisto da fornitore', 10, 0),
(2083, 'ac00000012', 'Acquisto da fornitore', 16, 0),
(2084, 'ac00000003', 'Vendita a cliente finale', 0, 3),
(2085, 'seg0000002', 'Acquisto da fornitore', 9, 0),
(2086, 'ac00000002', 'Vendita a cliente finale', 0, 2),
(2087, 'ac00000100', 'Vendita a dettagliante', 0, 10),
(2088, 'ac00000100', 'Vendita a dettagliante', 0, 11),
(2089, 'seb0000001', 'Vendita a dettagliante', 0, 1),
(2090, 'ac00000101', 'Vendita a cliente finale', 0, 2),
(2091, 'seb0000001', 'Acquisto da fornitore', 17, 0),
(2092, 'ac00000100', 'Acquisto da fornitore', 15, 0),
(2093, 'seg0000002', 'Vendita a cliente finale', 0, 1),
(2094, 'seg0000001', 'Vendita a cliente finale', 0, 2),
(2095, 'tvb0000001', 'Vendita a cliente finale', 0, 3),
(2096, 'ac00000003', 'Vendita a cliente finale', 0, 3),
(2097, 'ac00000101', 'Vendita a cliente finale', 0, 3),
(2098, 'tvg0000011', 'Vendita a cliente finale', 0, 1),
(2099, 'seg0000002', 'Vendita a dettagliante', 0, 9),
(2100, 'ac00000102', 'Vendita a dettagliante', 0, 8),
(2101, 'ac00000115', 'Vendita a dettagliante', 0, 5),
(2102, 'ac00000100', 'Vendita a cliente finale', 0, 2),
(2103, 'seg0000003', 'Vendita a cliente finale', 0, 1),
(2104, 'tvg0000007', 'Vendita a cliente finale', 0, 2),
(2105, 'seg0000001', 'Vendita a cliente finale', 0, 1),
(2106, 'tvb0000001', 'Vendita a cliente finale', 0, 2),
(2107, 'ac00000005', 'Vendita a cliente finale', 0, 3),
(2108, 'seb0000001', 'Vendita a dettagliante', 0, 11),
(2109, 'ac00000004', 'Acquisto da fornitore', 11, 0),
(2110, 'ac00000102', 'Vendita a cliente finale', 0, 3),
(2111, 'ac00000022', 'Vendita a cliente finale', 0, 1),
(2112, 'seb0000001', 'Vendita a cliente finale', 0, 2),
(2113, 'tvg0000012', 'Vendita a cliente finale', 0, 3),
(2114, 'ac00000005', 'Vendita a cliente finale', 0, 1),
(2115, 'ac00000103', 'Vendita a dettagliante', 0, 4),
(2116, 'ac00000022', 'Vendita a dettagliante', 0, 2),
(2117, 'ac00000001', 'Vendita a dettagliante', 0, 5),
(2118, 'ac00000005', 'Acquisto da fornitore', 14, 0),
(2119, 'ac00000002', 'Vendita a dettagliante', 0, 1),
(2120, 'tvg0000012', 'Acquisto da fornitore', 6, 0),
(2121, 'seb0000001', 'Vendita a cliente finale', 0, 3),
(2122, 'tvb0000001', 'Vendita a cliente finale', 0, 3),
(2123, 'ac00000003', 'Reso a fornitore per difetti', 0, 1),
(2124, 'ac00000001', 'Vendita a dettagliante', 0, 2),
(2125, 'tvg0000012', 'Vendita a dettagliante', 0, 9),
(2126, 'ac00000007', 'Vendita a dettagliante', 0, 3),
(2127, 'ac00000101', 'Vendita a cliente finale', 0, 1),
(2128, 'ac00000101', 'Vendita a dettagliante', 0, 7),
(2129, 'ac00000022', 'Vendita a cliente finale', 0, 3),
(2130, 'ac00000100', 'Reso a fornitore per difetti', 0, 6),
(2131, 'tvb0000002', 'Vendita a cliente finale', 0, 2),
(2132, 'ac00000012', 'Vendita a cliente finale', 0, 3),
(2133, 'ac00000115', 'Acquisto da fornitore', 9, 0),
(2134, 'ac00000012', 'Vendita a cliente finale', 0, 3),
(2135, 'ac00000006', 'Acquisto da fornitore', 12, 0),
(2136, 'ac00000006', 'Vendita a cliente finale', 0, 1),
(2137, 'ac00000001', 'Vendita a cliente finale', 0, 3),
(2138, 'tvg0000012', 'Reso a fornitore per difetti', 0, 2),
(2139, 'ac00000007', 'Vendita a dettagliante', 0, 9),
(2140, 'tvg0000013', 'Vendita a cliente finale', 0, 3),
(2141, 'ac00000001', 'Vendita a cliente finale', 0, 2),
(2142, 'tvg0000001', 'Vendita a cliente finale', 0, 1),
(2143, 'ac00000006', 'Vendita a dettagliante', 0, 4),
(2144, 'ac00000022', 'Acquisto da fornitore', 18, 0),
(2145, 'seg0000002', 'Vendita a cliente finale', 0, 3),
(2146, 'ac00000103', 'Vendita a cliente finale', 0, 2),
(2147, 'tvg0000001', 'Vendita a cliente finale', 0, 1),
(2148, 'seg0000002', 'Vendita a cliente finale', 0, 3),
(2149, 'ac00000002', 'Vendita a cliente finale', 0, 1),
(2150, 'ac00000103', 'Vendita a cliente finale', 0, 1),
(2151, 'ac00000102', 'Vendita a dettagliante', 0, 2),
(2152, 'ac00000006', 'Acquisto da fornitore', 10, 0),
(2153, 'tvg0000011', 'Vendita a dettagliante', 0, 4),
(2154, 'ac00000001', 'Vendita a cliente finale', 0, 2),
(2155, 'tvg0000013', 'Vendita a dettagliante', 0, 7),
(2156, 'seb0000001', 'Vendita a cliente finale', 0, 3),
(2157, 'tvg0000011', 'Vendita a cliente finale', 0, 1),
(2158, 'ac00000008', 'Acquisto da fornitore', 4, 0),
(2159, 'seb0000001', 'Vendita a cliente finale', 0, 3),
(2160, 'ac00000003', 'Vendita a cliente finale', 0, 3),
(2161, 'ac00000022', 'Vendita a cliente finale', 0, 3),
(2162, 'seg0000001', 'Acquisto da fornitore', 11, 0),
(2163, 'tvg0000007', 'Vendita a cliente finale', 0, 1),
(2164, 'seg0000001', 'Acquisto da fornitore', 15, 0),
(2165, 'seb0000001', 'Vendita a dettagliante', 0, 1),
(2166, 'tvb0000001', 'Vendita a dettagliante', 0, 10),
(2167, 'tvb0000001', 'Vendita a dettagliante', 0, 7),
(2168, 'ac00000022', 'Reso a fornitore per difetti', 0, 4),
(2169, 'seg0000002', 'Vendita a dettagliante', 0, 9),
(2170, 'ac00000100', 'Vendita a cliente finale', 0, 1),
(2171, 'seg0000002', 'Vendita a dettagliante', 0, 6),
(2172, 'ac00000101', 'Acquisto da fornitore', 19, 0),
(2173, 'tvg0000013', 'Vendita a dettagliante', 0, 4),
(2174, 'ac00000008', 'Vendita a cliente finale', 0, 2),
(2175, 'tvg0000001', 'Vendita a dettagliante', 0, 7),
(2176, 'ac00000101', 'Vendita a dettagliante', 0, 4),
(2177, 'ac00000002', 'Acquisto da fornitore', 5, 0),
(2178, 'ac00000100', 'Vendita a dettagliante', 0, 4),
(2179, 'tvg0000011', 'Vendita a cliente finale', 0, 2),
(2180, 'ac00000100', 'Vendita a cliente finale', 0, 3),
(2181, 'ac00000007', 'Acquisto da fornitore', 7, 0),
(2182, 'ac00000006', 'Vendita a cliente finale', 0, 2),
(2183, 'tvg0000001', 'Vendita a cliente finale', 0, 1),
(2184, 'ac00000012', 'Vendita a cliente finale', 0, 1),
(2185, 'seb0000001', 'Vendita a cliente finale', 0, 2),
(2186, 'tvb0000001', 'Vendita a dettagliante', 0, 1),
(2187, 'ac00000006', 'Vendita a cliente finale', 0, 2),
(2188, 'tvg0000007', 'Vendita a cliente finale', 0, 1),
(2189, 'seg0000001', 'Vendita a cliente finale', 0, 3),
(2190, 'ac00000005', 'Vendita a dettagliante', 0, 4),
(2191, 'ac00000001', 'Vendita a dettagliante', 0, 2),
(2192, 'seg0000003', 'Vendita a dettagliante', 0, 9),
(2193, 'ac00000115', 'Vendita a cliente finale', 0, 1),
(2194, 'seg0000003', 'Acquisto da fornitore', 11, 0),
(2195, 'tvg0000001', 'Reso a fornitore per difetti', 0, 5),
(2196, 'ac00000004', 'Acquisto da fornitore', 1, 0),
(2197, 'ac00000001', 'Vendita a dettagliante', 0, 3),
(2198, 'ac00000103', 'Vendita a cliente finale', 0, 2),
(2199, 'tvg0000011', 'Vendita a cliente finale', 0, 1),
(2200, 'seg0000002', 'Vendita a dettagliante', 0, 11),
(2201, 'ac00000022', 'Vendita a cliente finale', 0, 3),
(2202, 'ac00000100', 'Acquisto da fornitore', 6, 0),
(2203, 'ac00000115', 'Vendita a cliente finale', 0, 3),
(2204, 'tvg0000012', 'Vendita a cliente finale', 0, 1),
(2205, 'ac00000101', 'Vendita a dettagliante', 0, 1),
(2206, 'tvb0000002', 'Vendita a cliente finale', 0, 2),
(2207, 'tvg0000007', 'Vendita a cliente finale', 0, 3),
(2208, 'ac00000002', 'Vendita a cliente finale', 0, 3),
(2209, 'ac00000006', 'Vendita a dettagliante', 0, 11),
(2210, 'seg0000002', 'Vendita a dettagliante', 0, 1),
(2211, 'ac00000102', 'Vendita a dettagliante', 0, 6),
(2212, 'ac00000100', 'Vendita a cliente finale', 0, 2),
(2213, 'ac00000003', 'Vendita a dettagliante', 0, 2),
(2214, 'tvb0000002', 'Vendita a cliente finale', 0, 1),
(2215, 'ac00000115', 'Vendita a dettagliante', 0, 4),
(2216, 'ac00000007', 'Vendita a dettagliante', 0, 9),
(2217, 'ac00000100', 'Vendita a cliente finale', 0, 2),
(2218, 'ac00000101', 'Vendita a cliente finale', 0, 1),
(2219, 'ac00000004', 'Vendita a cliente finale', 0, 2),
(2220, 'tvb0000001', 'Vendita a cliente finale', 0, 3),
(2221, 'ac00000102', 'Vendita a cliente finale', 0, 1),
(2222, 'ac00000115', 'Vendita a dettagliante', 0, 4),
(2223, 'ac00000002', 'Acquisto da fornitore', 3, 0),
(2224, 'tvg0000011', 'Reso a fornitore per difetti', 0, 5),
(2225, 'ac00000005', 'Vendita a cliente finale', 0, 1),
(2226, 'seg0000003', 'Acquisto da fornitore', 6, 0),
(2227, 'ac00000007', 'Acquisto da fornitore', 19, 0),
(2228, 'ac00000101', 'Acquisto da fornitore', 13, 0),
(2229, 'ac00000012', 'Vendita a cliente finale', 0, 2),
(2230, 'ac00000003', 'Vendita a cliente finale', 0, 3),
(2231, 'ac00000003', 'Reso a fornitore per difetti', 0, 3),
(2232, 'ac00000007', 'Acquisto da fornitore', 8, 0),
(2233, 'tvg0000011', 'Acquisto da fornitore', 3, 0),
(2234, 'tvg0000012', 'Acquisto da fornitore', 2, 0),
(2235, 'tvg0000011', 'Vendita a dettagliante', 0, 7),
(2236, 'ac00000001', 'Vendita a cliente finale', 0, 3),
(2237, 'seg0000004', 'Vendita a cliente finale', 0, 1),
(2238, 'tvb0000001', 'Vendita a dettagliante', 0, 11),
(2239, 'ac00000007', 'Vendita a cliente finale', 0, 3),
(2240, 'ac00000101', 'Vendita a dettagliante', 0, 10),
(2241, 'seb0000001', 'Vendita a dettagliante', 0, 1),
(2242, 'ac00000006', 'Vendita a dettagliante', 0, 11),
(2243, 'ac00000115', 'Vendita a cliente finale', 0, 3),
(2244, 'seg0000004', 'Vendita a cliente finale', 0, 3),
(2245, 'tvb0000002', 'Vendita a cliente finale', 0, 3),
(2246, 'ac00000007', 'Acquisto da fornitore', 18, 0),
(2247, 'seg0000004', 'Vendita a dettagliante', 0, 9),
(2248, 'ac00000004', 'Reso a fornitore per difetti', 0, 2),
(2249, 'tvg0000012', 'Acquisto da fornitore', 13, 0),
(2250, 'tvb0000001', 'Vendita a dettagliante', 0, 9),
(2251, 'ac00000001', 'Acquisto da fornitore', 4, 0),
(2252, 'ac00000005', 'Vendita a cliente finale', 0, 3),
(2253, 'ac00000007', 'Vendita a dettagliante', 0, 3),
(2254, 'ac00000012', 'Vendita a cliente finale', 0, 1),
(2255, 'ac00000005', 'Vendita a cliente finale', 0, 3),
(2256, 'ac00000103', 'Acquisto da fornitore', 6, 0),
(2257, 'seg0000004', 'Vendita a cliente finale', 0, 1),
(2258, 'ac00000007', 'Vendita a cliente finale', 0, 2),
(2259, 'ac00000001', 'Acquisto da fornitore', 2, 0),
(2260, 'ac00000100', 'Vendita a cliente finale', 0, 3),
(2261, 'ac00000006', 'Reso a fornitore per difetti', 0, 2),
(2262, 'ac00000005', 'Vendita a dettagliante', 0, 1),
(2263, 'ac00000022', 'Vendita a dettagliante', 0, 1),
(2264, 'tvg0000007', 'Vendita a cliente finale', 0, 2),
(2265, 'ac00000102', 'Vendita a cliente finale', 0, 2),
(2266, 'seg0000003', 'Vendita a cliente finale', 0, 1),
(2267, 'tvg0000011', 'Acquisto da fornitore', 48, 0),
(2268, 'tvg0000011', 'Vendita a dettagliante', 0, 3),
(2269, 'seg0000001', 'Vendita a cliente finale', 0, 2),
(2270, 'ac00000001', 'Vendita a cliente finale', 0, 2),
(2271, 'tvg0000011', 'Acquisto da fornitore', 7, 0),
(2272, 'tvg0000001', 'Acquisto da fornitore', 6, 0),
(2273, 'ac00000004', 'Acquisto da fornitore', 19, 0),
(2274, 'ac00000012', 'Vendita a dettagliante', 0, 2),
(2275, 'ac00000006', 'Acquisto da fornitore', 3, 0),
(2276, 'seg0000001', 'Vendita a cliente finale', 0, 3),
(2277, 'seg0000003', 'Reso a fornitore per difetti', 0, 5),
(2278, 'tvg0000011', 'Vendita a dettagliante', 0, 1),
(2279, 'ac00000115', 'Vendita a cliente finale', 0, 2),
(2280, 'ac00000005', 'Vendita a dettagliante', 0, 3),
(2281, 'seg0000004', 'Vendita a cliente finale', 0, 2),
(2282, 'seg0000001', 'Reso a fornitore per difetti', 0, 6),
(2283, 'tvb0000002', 'Acquisto da fornitore', 17, 0),
(2284, 'ac00000103', 'Acquisto da fornitore', 45, 0),
(2285, 'tvg0000011', 'Vendita a cliente finale', 0, 1),
(2286, 'seg0000001', 'Vendita a cliente finale', 0, 1),
(2287, 'ac00000102', 'Vendita a dettagliante', 0, 3),
(2288, 'ac00000007', 'Vendita a dettagliante', 0, 11),
(2289, 'ac00000022', 'Vendita a cliente finale', 0, 1),
(2290, 'seg0000001', 'Reso a fornitore per difetti', 0, 2),
(2291, 'tvg0000012', 'Vendita a cliente finale', 0, 3),
(2292, 'seg0000002', 'Vendita a cliente finale', 0, 1),
(2293, 'ac00000100', 'Acquisto da fornitore', 7, 0),
(2294, 'ac00000115', 'Acquisto da fornitore', 17, 0),
(2295, 'tvg0000012', 'Vendita a cliente finale', 0, 1),
(2296, 'seg0000003', 'Acquisto da fornitore', 15, 0),
(2297, 'tvb0000001', 'Acquisto da fornitore', 11, 0),
(2298, 'ac00000003', 'Acquisto da fornitore', 4, 0),
(2299, 'seg0000002', 'Vendita a dettagliante', 0, 2),
(2300, 'ac00000103', 'Vendita a dettagliante', 0, 1),
(2301, 'seg0000004', 'Acquisto da fornitore', 5, 0),
(2302, 'ac00000008', 'Acquisto da fornitore', 16, 0),
(2303, 'tvg0000013', 'Vendita a cliente finale', 0, 3),
(2304, 'ac00000012', 'Vendita a cliente finale', 0, 3),
(2305, 'tvb0000001', 'Vendita a dettagliante', 0, 6),
(2306, 'ac00000004', 'Vendita a dettagliante', 0, 11),
(2307, 'tvg0000007', 'Acquisto da fornitore', 15, 0),
(2308, 'ac00000007', 'Acquisto da fornitore', 15, 0),
(2309, 'ac00000005', 'Vendita a cliente finale', 0, 2),
(2310, 'ac00000115', 'Vendita a dettagliante', 0, 8),
(2311, 'seg0000001', 'Vendita a dettagliante', 0, 7),
(2312, 'ac00000002', 'Vendita a dettagliante', 0, 6),
(2313, 'ac00000012', 'Vendita a cliente finale', 0, 1),
(2314, 'ac00000022', 'Vendita a cliente finale', 0, 2),
(2315, 'tvb0000001', 'Vendita a cliente finale', 0, 2),
(2316, 'seb0000001', 'Vendita a cliente finale', 0, 2),
(2317, 'tvg0000012', 'Vendita a dettagliante', 0, 11),
(2318, 'seg0000002', 'Vendita a cliente finale', 0, 2),
(2319, 'ac00000001', 'Acquisto da fornitore', 7, 0),
(2320, 'tvb0000001', 'Vendita a cliente finale', 0, 2),
(2321, 'tvg0000007', 'Vendita a dettagliante', 0, 9),
(2322, 'ac00000007', 'Vendita a cliente finale', 0, 1),
(2323, 'seb0000001', 'Acquisto da fornitore', 11, 0),
(2324, 'tvb0000002', 'Vendita a cliente finale', 0, 2),
(2325, 'ac00000005', 'Acquisto da fornitore', 8, 0),
(2326, 'tvg0000013', 'Vendita a cliente finale', 0, 1),
(2327, 'seb0000001', 'Vendita a dettagliante', 0, 7),
(2328, 'seg0000001', 'Vendita a cliente finale', 0, 1),
(2329, 'seg0000003', 'Vendita a dettagliante', 0, 8),
(2330, 'tvg0000012', 'Acquisto da fornitore', 9, 0),
(2331, 'ac00000115', 'Vendita a dettagliante', 0, 7),
(2332, 'ac00000101', 'Acquisto da fornitore', 11, 0),
(2333, 'tvb0000002', 'Vendita a cliente finale', 0, 1),
(2334, 'ac00000005', 'Vendita a cliente finale', 0, 1),
(2335, 'seg0000001', 'Vendita a dettagliante', 0, 5),
(2336, 'ac00000103', 'Vendita a cliente finale', 0, 3),
(2337, 'ac00000022', 'Vendita a dettagliante', 0, 11),
(2338, 'ac00000002', 'Vendita a dettagliante', 0, 11),
(2339, 'tvg0000007', 'Acquisto da fornitore', 19, 0),
(2340, 'ac00000100', 'Vendita a cliente finale', 0, 1),
(2341, 'tvg0000012', 'Acquisto da fornitore', 14, 0),
(2342, 'ac00000001', 'Vendita a dettagliante', 0, 2),
(2343, 'ac00000012', 'Vendita a dettagliante', 0, 2),
(2344, 'tvg0000007', 'Vendita a dettagliante', 0, 4),
(2345, 'tvb0000002', 'Vendita a cliente finale', 0, 2),
(2346, 'ac00000103', 'Vendita a dettagliante', 0, 2),
(2347, 'ac00000001', 'Vendita a dettagliante', 0, 1),
(2348, 'seg0000001', 'Acquisto da fornitore', 13, 0),
(2349, 'ac00000007', 'Acquisto da fornitore', 16, 0),
(2350, 'ac00000005', 'Vendita a dettagliante', 0, 7),
(2351, 'ac00000003', 'Vendita a dettagliante', 0, 4),
(2352, 'tvb0000002', 'Acquisto da fornitore', 19, 0),
(2353, 'ac00000003', 'Vendita a dettagliante', 0, 2),
(2354, 'ac00000101', 'Vendita a cliente finale', 0, 2),
(2355, 'tvg0000011', 'Vendita a cliente finale', 0, 3),
(2356, 'ac00000007', 'Vendita a cliente finale', 0, 1),
(2357, 'seg0000001', 'Vendita a cliente finale', 0, 1),
(2358, 'ac00000006', 'Vendita a cliente finale', 0, 3),
(2359, 'ac00000012', 'Vendita a dettagliante', 0, 1),
(2360, 'ac00000022', 'Vendita a cliente finale', 0, 3),
(2361, 'seg0000003', 'Vendita a cliente finale', 0, 1),
(2362, 'ac00000103', 'Vendita a dettagliante', 0, 9),
(2363, 'tvg0000001', 'Vendita a dettagliante', 0, 3),
(2364, 'seg0000004', 'Vendita a cliente finale', 0, 2),
(2365, 'ac00000101', 'Vendita a dettagliante', 0, 5),
(2366, 'seg0000004', 'Acquisto da fornitore', 10, 0),
(2367, 'ac00000012', 'Vendita a cliente finale', 0, 2),
(2368, 'tvg0000013', 'Vendita a cliente finale', 0, 2),
(2369, 'tvb0000002', 'Vendita a dettagliante', 0, 4),
(2370, 'seg0000002', 'Vendita a cliente finale', 0, 1),
(2371, 'ac00000022', 'Vendita a dettagliante', 0, 4),
(2372, 'tvb0000002', 'Acquisto da fornitore', 4, 0),
(2373, 'seg0000002', 'Vendita a cliente finale', 0, 2),
(2374, 'tvb0000001', 'Vendita a cliente finale', 0, 1),
(2375, 'ac00000002', 'Acquisto da fornitore', 12, 0),
(2376, 'ac00000008', 'Vendita a cliente finale', 0, 1),
(2377, 'ac00000103', 'Vendita a dettagliante', 0, 2),
(2378, 'ac00000002', 'Vendita a cliente finale', 0, 3),
(2379, 'ac00000003', 'Vendita a cliente finale', 0, 2),
(2380, 'ac00000008', 'Acquisto da fornitore', 3, 0),
(2381, 'tvg0000011', 'Reso a fornitore per difetti', 0, 5),
(2382, 'ac00000007', 'Acquisto da fornitore', 9, 0),
(2383, 'ac00000022', 'Vendita a dettagliante', 0, 8),
(2384, 'ac00000008', 'Vendita a dettagliante', 0, 2),
(2385, 'ac00000101', 'Vendita a cliente finale', 0, 3),
(2386, 'tvb0000002', 'Vendita a cliente finale', 0, 3),
(2387, 'tvg0000011', 'Vendita a cliente finale', 0, 1),
(2388, 'tvg0000013', 'Vendita a cliente finale', 0, 3),
(2389, 'tvg0000011', 'Acquisto da fornitore', 16, 0),
(2390, 'ac00000012', 'Vendita a dettagliante', 0, 6),
(2391, 'seb0000001', 'Vendita a cliente finale', 0, 2),
(2392, 'tvg0000013', 'Vendita a dettagliante', 0, 1),
(2393, 'ac00000008', 'Vendita a dettagliante', 0, 2),
(2394, 'tvb0000002', 'Vendita a cliente finale', 0, 2),
(2395, 'seg0000004', 'Acquisto da fornitore', 4, 0),
(2396, 'ac00000100', 'Vendita a cliente finale', 0, 2),
(2397, 'tvg0000011', 'Vendita a dettagliante', 0, 9),
(2398, 'ac00000022', 'Vendita a dettagliante', 0, 11),
(2399, 'ac00000004', 'Acquisto da fornitore', 18, 0),
(2400, 'ac00000101', 'Acquisto da fornitore', 12, 0),
(2401, 'ac00000006', 'Vendita a dettagliante', 0, 7),
(2402, 'tvg0000012', 'Vendita a cliente finale', 0, 3),
(2403, 'ac00000103', 'Vendita a dettagliante', 0, 4),
(2404, 'ac00000022', 'Acquisto da fornitore', 7, 0),
(2405, 'seg0000002', 'Vendita a cliente finale', 0, 1),
(2406, 'ac00000102', 'Vendita a dettagliante', 0, 9),
(2407, 'seb0000001', 'Vendita a cliente finale', 0, 1),
(2408, 'ac00000008', 'Acquisto da fornitore', 13, 0),
(2409, 'seb0000001', 'Vendita a dettagliante', 0, 5),
(2410, 'ac00000003', 'Vendita a dettagliante', 0, 8),
(2411, 'seg0000003', 'Acquisto da fornitore', 17, 0),
(2412, 'seg0000004', 'Vendita a dettagliante', 0, 6),
(2413, 'tvg0000013', 'Vendita a dettagliante', 0, 4),
(2414, 'ac00000100', 'Acquisto da fornitore', 2, 0),
(2415, 'ac00000004', 'Vendita a cliente finale', 0, 3),
(2416, 'ac00000007', 'Acquisto da fornitore', 11, 0),
(2417, 'seg0000003', 'Vendita a cliente finale', 0, 1),
(2418, 'ac00000012', 'Vendita a cliente finale', 0, 1),
(2419, 'ac00000103', 'Vendita a cliente finale', 0, 3),
(2420, 'ac00000005', 'Vendita a dettagliante', 0, 8),
(2421, 'ac00000103', 'Vendita a cliente finale', 0, 3),
(2422, 'tvg0000007', 'Vendita a dettagliante', 0, 1),
(2423, 'tvg0000011', 'Vendita a dettagliante', 0, 9),
(2424, 'ac00000008', 'Vendita a cliente finale', 0, 1),
(2425, 'tvg0000012', 'Acquisto da fornitore', 15, 0),
(2426, 'tvg0000001', 'Vendita a dettagliante', 0, 3),
(2427, 'tvb0000001', 'Vendita a dettagliante', 0, 1),
(2428, 'ac00000100', 'Vendita a dettagliante', 0, 6),
(2429, 'ac00000006', 'Vendita a cliente finale', 0, 3),
(2430, 'tvg0000013', 'Vendita a cliente finale', 0, 2),
(2431, 'ac00000003', 'Vendita a cliente finale', 0, 3),
(2432, 'tvg0000011', 'Vendita a cliente finale', 0, 2),
(2433, 'ac00000005', 'Vendita a dettagliante', 0, 11),
(2434, 'ac00000115', 'Vendita a cliente finale', 0, 3),
(2435, 'seg0000004', 'Vendita a cliente finale', 0, 1),
(2436, 'ac00000022', 'Acquisto da fornitore', 19, 0),
(2437, 'ac00000012', 'Vendita a dettagliante', 0, 4),
(2438, 'ac00000006', 'Vendita a dettagliante', 0, 11),
(2439, 'tvg0000011', 'Acquisto da fornitore', 3, 0),
(2440, 'tvg0000011', 'Reso a fornitore per difetti', 0, 7),
(2441, 'ac00000001', 'Vendita a cliente finale', 0, 2),
(2442, 'tvb0000001', 'Vendita a cliente finale', 0, 2),
(2443, 'ac00000007', 'Vendita a dettagliante', 0, 6),
(2444, 'ac00000100', 'Acquisto da fornitore', 30, 0),
(2445, 'ac00000012', 'Vendita a cliente finale', 0, 2),
(2446, 'seg0000001', 'Vendita a dettagliante', 0, 6),
(2447, 'ac00000006', 'Vendita a dettagliante', 0, 5),
(2448, 'ac00000012', 'Vendita a dettagliante', 0, 4),
(2449, 'tvg0000007', 'Vendita a dettagliante', 0, 2),
(2450, 'seg0000001', 'Acquisto da fornitore', 1, 0),
(2451, 'tvb0000002', 'Vendita a cliente finale', 0, 2),
(2452, 'ac00000006', 'Vendita a dettagliante', 0, 3),
(2453, 'ac00000101', 'Vendita a cliente finale', 0, 2),
(2454, 'seg0000004', 'Vendita a dettagliante', 0, 9),
(2455, 'tvb0000001', 'Vendita a dettagliante', 0, 8),
(2456, 'seg0000004', 'Vendita a cliente finale', 0, 3),
(2457, 'ac00000003', 'Vendita a dettagliante', 0, 1),
(2458, 'ac00000007', 'Vendita a cliente finale', 0, 3),
(2459, 'ac00000022', 'Vendita a cliente finale', 0, 3),
(2460, 'tvg0000001', 'Acquisto da fornitore', 9, 0),
(2461, 'seg0000001', 'Vendita a cliente finale', 0, 3),
(2462, 'tvb0000001', 'Vendita a cliente finale', 0, 3),
(2463, 'ac00000101', 'Vendita a dettagliante', 0, 6),
(2464, 'ac00000101', 'Vendita a dettagliante', 0, 9),
(2465, 'ac00000022', 'Acquisto da fornitore', 13, 0),
(2466, 'tvg0000013', 'Vendita a dettagliante', 0, 4),
(2467, 'ac00000100', 'Vendita a cliente finale', 0, 1),
(2468, 'ac00000003', 'Vendita a cliente finale', 0, 3),
(2469, 'seg0000002', 'Vendita a cliente finale', 0, 1),
(2470, 'ac00000007', 'Vendita a dettagliante', 0, 1),
(2471, 'tvg0000007', 'Acquisto da fornitore', 8, 0),
(2472, 'tvg0000013', 'Vendita a dettagliante', 0, 7),
(2473, 'seg0000003', 'Vendita a cliente finale', 0, 3),
(2474, 'ac00000005', 'Vendita a dettagliante', 0, 3),
(2475, 'ac00000006', 'Vendita a dettagliante', 0, 9),
(2476, 'seg0000003', 'Vendita a cliente finale', 0, 2),
(2477, 'tvb0000001', 'Acquisto da fornitore', 2, 0),
(2478, 'tvg0000007', 'Vendita a dettagliante', 0, 2),
(2479, 'tvb0000001', 'Vendita a dettagliante', 0, 4),
(2480, 'tvg0000013', 'Vendita a dettagliante', 0, 6),
(2481, 'tvg0000011', 'Vendita a dettagliante', 0, 2),
(2482, 'ac00000102', 'Vendita a cliente finale', 0, 1),
(2483, 'seg0000003', 'Vendita a dettagliante', 0, 5),
(2484, 'seg0000002', 'Acquisto da fornitore', 2, 0),
(2485, 'tvg0000011', 'Vendita a cliente finale', 0, 1),
(2486, 'ac00000007', 'Vendita a cliente finale', 0, 1),
(2487, 'ac00000002', 'Vendita a cliente finale', 0, 3),
(2488, 'tvg0000012', 'Vendita a cliente finale', 0, 2),
(2489, 'ac00000103', 'Vendita a cliente finale', 0, 1),
(2490, 'ac00000115', 'Vendita a dettagliante', 0, 6),
(2491, 'tvg0000011', 'Vendita a cliente finale', 0, 2),
(2492, 'seb0000001', 'Vendita a cliente finale', 0, 1),
(2493, 'seg0000004', 'Vendita a dettagliante', 0, 3),
(2494, 'ac00000007', 'Acquisto da fornitore', 7, 0),
(2495, 'ac00000003', 'Vendita a dettagliante', 0, 9),
(2496, 'ac00000007', 'Vendita a cliente finale', 0, 2),
(2497, 'seg0000004', 'Vendita a cliente finale', 0, 2),
(2498, 'seg0000003', 'Acquisto da fornitore', 15, 0),
(2499, 'ac00000115', 'Vendita a cliente finale', 0, 1),
(2500, 'ac00000103', 'Vendita a dettagliante', 0, 4),
(2501, 'tvb0000002', 'Vendita a cliente finale', 0, 2),
(2502, 'ac00000001', 'Acquisto da fornitore', 9, 0),
(2503, 'ac00000006', 'Acquisto da fornitore', 4, 0),
(2504, 'seg0000003', 'Vendita a cliente finale', 0, 1),
(2505, 'ac00000004', 'Vendita a cliente finale', 0, 2),
(2506, 'ac00000001', 'Vendita a cliente finale', 0, 2),
(2507, 'seg0000002', 'Acquisto da fornitore', 8, 0),
(2508, 'tvg0000007', 'Acquisto da fornitore', 17, 0),
(2509, 'ac00000103', 'Vendita a cliente finale', 0, 3),
(2510, 'seb0000001', 'Vendita a cliente finale', 0, 3),
(2511, 'tvg0000001', 'Acquisto da fornitore', 8, 0),
(2512, 'seb0000001', 'Acquisto da fornitore', 9, 0),
(2513, 'seg0000001', 'Acquisto da fornitore', 4, 0),
(2514, 'ac00000001', 'Acquisto da fornitore', 27, 0),
(2515, 'tvb0000001', 'Vendita a cliente finale', 0, 2),
(2516, 'ac00000006', 'Vendita a dettagliante', 0, 7),
(2517, 'tvg0000013', 'Vendita a dettagliante', 0, 7),
(2518, 'ac00000103', 'Acquisto da fornitore', 13, 0),
(2519, 'ac00000002', 'Vendita a cliente finale', 0, 3),
(2520, 'ac00000008', 'Vendita a cliente finale', 0, 2),
(2521, 'seg0000003', 'Vendita a cliente finale', 0, 1),
(2522, 'ac00000004', 'Acquisto da fornitore', 14, 0),
(2523, 'tvb0000002', 'Vendita a cliente finale', 0, 1),
(2524, 'ac00000115', 'Vendita a dettagliante', 0, 9),
(2525, 'ac00000022', 'Acquisto da fornitore', 10, 0),
(2526, 'seg0000003', 'Vendita a cliente finale', 0, 2),
(2527, 'ac00000103', 'Vendita a cliente finale', 0, 1),
(2528, 'ac00000004', 'Vendita a dettagliante', 0, 6),
(2529, 'ac00000008', 'Vendita a dettagliante', 0, 2),
(2530, 'ac00000005', 'Vendita a dettagliante', 0, 7),
(2531, 'tvg0000013', 'Vendita a dettagliante', 0, 4),
(2532, 'tvg0000001', 'Acquisto da fornitore', 16, 0),
(2533, 'ac00000115', 'Vendita a dettagliante', 0, 2),
(2534, 'seb0000001', 'Vendita a dettagliante', 0, 5),
(2535, 'ac00000005', 'Vendita a cliente finale', 0, 1),
(2536, 'ac00000004', 'Vendita a dettagliante', 0, 2),
(2537, 'ac00000003', 'Vendita a cliente finale', 0, 2),
(2538, 'ac00000007', 'Vendita a cliente finale', 0, 3),
(2539, 'ac00000103', 'Vendita a cliente finale', 0, 1),
(2540, 'ac00000002', 'Acquisto da fornitore', 5, 0),
(2541, 'seb0000001', 'Vendita a cliente finale', 0, 1),
(2542, 'ac00000007', 'Vendita a cliente finale', 0, 3),
(2543, 'tvg0000013', 'Vendita a cliente finale', 0, 1),
(2544, 'ac00000101', 'Vendita a cliente finale', 0, 1),
(2545, 'ac00000003', 'Vendita a cliente finale', 0, 1),
(2546, 'seg0000003', 'Acquisto da fornitore', 8, 0),
(2547, 'seg0000001', 'Vendita a dettagliante', 0, 7),
(2548, 'ac00000022', 'Vendita a cliente finale', 0, 2),
(2549, 'ac00000102', 'Vendita a dettagliante', 0, 2),
(2550, 'ac00000101', 'Vendita a cliente finale', 0, 2),
(2551, 'ac00000006', 'Vendita a cliente finale', 0, 2),
(2552, 'ac00000103', 'Vendita a cliente finale', 0, 1),
(2553, 'seg0000002', 'Acquisto da fornitore', 4, 0),
(2554, 'ac00000005', 'Acquisto da fornitore', 9, 0),
(2555, 'ac00000007', 'Vendita a cliente finale', 0, 3),
(2556, 'tvg0000007', 'Vendita a dettagliante', 0, 7),
(2557, 'tvb0000001', 'Vendita a cliente finale', 0, 2),
(2558, 'ac00000004', 'Acquisto da fornitore', 3, 0),
(2559, 'ac00000103', 'Vendita a cliente finale', 0, 1),
(2560, 'ac00000012', 'Vendita a cliente finale', 0, 1),
(2561, 'ac00000006', 'Vendita a cliente finale', 0, 2),
(2562, 'ac00000022', 'Acquisto da fornitore', 2, 0),
(2563, 'ac00000001', 'Vendita a cliente finale', 0, 2),
(2564, 'ac00000004', 'Reso a fornitore per difetti', 0, 6),
(2565, 'tvg0000012', 'Acquisto da fornitore', 12, 0),
(2566, 'ac00000101', 'Vendita a cliente finale', 0, 2),
(2567, 'seg0000004', 'Acquisto da fornitore', 6, 0),
(2568, 'ac00000001', 'Vendita a cliente finale', 0, 1),
(2569, 'tvb0000002', 'Vendita a dettagliante', 0, 7),
(2570, 'ac00000006', 'Vendita a cliente finale', 0, 1),
(2571, 'tvg0000011', 'Acquisto da fornitore', 1, 0),
(2572, 'seg0000001', 'Acquisto da fornitore', 14, 0),
(2573, 'ac00000007', 'Acquisto da fornitore', 5, 0),
(2574, 'tvg0000012', 'Vendita a cliente finale', 0, 3),
(2575, 'ac00000005', 'Vendita a cliente finale', 0, 2),
(2576, 'tvb0000002', 'Vendita a dettagliante', 0, 7),
(2577, 'tvg0000012', 'Vendita a dettagliante', 0, 4),
(2578, 'ac00000008', 'Vendita a cliente finale', 0, 3),
(2579, 'tvg0000001', 'Acquisto da fornitore', 10, 0),
(2580, 'ac00000002', 'Vendita a dettagliante', 0, 2),
(2581, 'ac00000100', 'Acquisto da fornitore', 4, 0),
(2582, 'ac00000004', 'Acquisto da fornitore', 17, 0),
(2583, 'ac00000103', 'Acquisto da fornitore', 40, 0),
(2584, 'ac00000001', 'Vendita a dettagliante', 0, 2),
(2585, 'ac00000115', 'Acquisto da fornitore', 5, 0),
(2586, 'ac00000102', 'Vendita a dettagliante', 0, 8),
(2587, 'tvg0000011', 'Vendita a cliente finale', 0, 1),
(2588, 'ac00000003', 'Vendita a cliente finale', 0, 2),
(2589, 'ac00000102', 'Vendita a dettagliante', 0, 1),
(2590, 'ac00000100', 'Vendita a cliente finale', 0, 3),
(2591, 'ac00000103', 'Reso a fornitore per difetti', 0, 1),
(2592, 'ac00000101', 'Acquisto da fornitore', 10, 0),
(2593, 'tvb0000002', 'Vendita a cliente finale', 0, 1),
(2594, 'tvb0000001', 'Vendita a cliente finale', 0, 3),
(2595, 'ac00000100', 'Vendita a dettagliante', 0, 11),
(2596, 'ac00000006', 'Acquisto da fornitore', 19, 0),
(2597, 'ac00000005', 'Vendita a cliente finale', 0, 2),
(2598, 'ac00000008', 'Vendita a cliente finale', 0, 1),
(2599, 'ac00000102', 'Vendita a dettagliante', 0, 4),
(2600, 'tvg0000013', 'Reso a fornitore per difetti', 0, 4),
(2601, 'seg0000004', 'Vendita a dettagliante', 0, 5),
(2602, 'ac00000102', 'Vendita a cliente finale', 0, 1),
(2603, 'ac00000003', 'Vendita a dettagliante', 0, 4),
(2604, 'tvb0000002', 'Reso a fornitore per difetti', 0, 6),
(2605, 'seg0000002', 'Acquisto da fornitore', 4, 0),
(2606, 'tvg0000012', 'Vendita a cliente finale', 0, 2),
(2607, 'ac00000007', 'Vendita a dettagliante', 0, 6),
(2608, 'tvb0000001', 'Acquisto da fornitore', 13, 0),
(2609, 'ac00000012', 'Vendita a dettagliante', 0, 10),
(2610, 'ac00000001', 'Acquisto da fornitore', 4, 0),
(2611, 'tvb0000002', 'Vendita a cliente finale', 0, 2),
(2612, 'tvb0000001', 'Vendita a cliente finale', 0, 3),
(2613, 'ac00000008', 'Acquisto da fornitore', 7, 0),
(2614, 'ac00000006', 'Reso a fornitore per difetti', 0, 3),
(2615, 'ac00000007', 'Vendita a cliente finale', 0, 1),
(2616, 'seg0000001', 'Vendita a cliente finale', 0, 3),
(2617, 'ac00000004', 'Vendita a dettagliante', 0, 11),
(2618, 'ac00000022', 'Acquisto da fornitore', 18, 0),
(2619, 'ac00000001', 'Vendita a cliente finale', 0, 3),
(2620, 'ac00000007', 'Vendita a cliente finale', 0, 3),
(2621, 'ac00000100', 'Vendita a cliente finale', 0, 3),
(2622, 'tvb0000002', 'Acquisto da fornitore', 17, 0),
(2623, 'ac00000100', 'Vendita a cliente finale', 0, 2),
(2624, 'ac00000001', 'Vendita a dettagliante', 0, 2),
(2625, 'ac00000006', 'Vendita a dettagliante', 0, 3),
(2626, 'ac00000006', 'Vendita a cliente finale', 0, 1),
(2627, 'tvg0000001', 'Vendita a dettagliante', 0, 11),
(2628, 'ac00000101', 'Vendita a dettagliante', 0, 6),
(2629, 'tvb0000002', 'Vendita a cliente finale', 0, 1),
(2630, 'seg0000002', 'Vendita a dettagliante', 0, 2),
(2631, 'tvb0000002', 'Acquisto da fornitore', 5, 0),
(2632, 'ac00000003', 'Vendita a dettagliante', 0, 4),
(2633, 'tvg0000012', 'Vendita a dettagliante', 0, 7),
(2634, 'seb0000001', 'Vendita a dettagliante', 0, 4),
(2635, 'ac00000101', 'Vendita a cliente finale', 0, 2),
(2636, 'ac00000007', 'Vendita a dettagliante', 0, 9),
(2637, 'ac00000006', 'Vendita a cliente finale', 0, 3),
(2638, 'ac00000102', 'Vendita a cliente finale', 0, 2),
(2639, 'tvb0000001', 'Vendita a dettagliante', 0, 2),
(2640, 'ac00000100', 'Acquisto da fornitore', 7, 0),
(2641, 'seg0000002', 'Vendita a cliente finale', 0, 1),
(2642, 'ac00000007', 'Vendita a dettagliante', 0, 1),
(2643, 'seg0000003', 'Acquisto da fornitore', 14, 0),
(2644, 'ac00000004', 'Vendita a dettagliante', 0, 8),
(2645, 'ac00000100', 'Acquisto da fornitore', 4, 0),
(2646, 'ac00000022', 'Vendita a cliente finale', 0, 1),
(2647, 'ac00000100', 'Vendita a cliente finale', 0, 2),
(2648, 'seg0000002', 'Vendita a dettagliante', 0, 1),
(2649, 'ac00000102', 'Vendita a dettagliante', 0, 6),
(2650, 'ac00000115', 'Vendita a cliente finale', 0, 2),
(2651, 'ac00000003', 'Acquisto da fornitore', 7, 0),
(2652, 'seb0000001', 'Acquisto da fornitore', 18, 0),
(2653, 'ac00000103', 'Vendita a dettagliante', 0, 7),
(2654, 'ac00000001', 'Vendita a dettagliante', 0, 3),
(2655, 'ac00000103', 'Vendita a dettagliante', 0, 4),
(2656, 'seg0000001', 'Vendita a cliente finale', 0, 2),
(2657, 'ac00000100', 'Vendita a cliente finale', 0, 3),
(2658, 'seb0000001', 'Vendita a cliente finale', 0, 3),
(2659, 'ac00000003', 'Reso a fornitore per difetti', 0, 1),
(2660, 'tvb0000001', 'Acquisto da fornitore', 12, 0),
(2661, 'ac00000115', 'Vendita a cliente finale', 0, 2),
(2662, 'ac00000002', 'Vendita a cliente finale', 0, 2),
(2663, 'ac00000115', 'Vendita a cliente finale', 0, 2),
(2664, 'tvb0000001', 'Vendita a cliente finale', 0, 3),
(2665, 'ac00000008', 'Vendita a dettagliante', 0, 5),
(2666, 'seg0000002', 'Vendita a dettagliante', 0, 2),
(2667, 'ac00000006', 'Vendita a dettagliante', 0, 3),
(2668, 'ac00000003', 'Vendita a dettagliante', 0, 6),
(2669, 'ac00000001', 'Vendita a cliente finale', 0, 2),
(2670, 'seg0000003', 'Vendita a dettagliante', 0, 4),
(2671, 'seg0000002', 'Vendita a dettagliante', 0, 3),
(2672, 'ac00000007', 'Vendita a cliente finale', 0, 1),
(2673, 'ac00000101', 'Vendita a cliente finale', 0, 1),
(2674, 'ac00000002', 'Acquisto da fornitore', 3, 0),
(2675, 'tvg0000007', 'Vendita a dettagliante', 0, 3),
(2676, 'ac00000002', 'Vendita a dettagliante', 0, 10),
(2677, 'ac00000005', 'Vendita a dettagliante', 0, 2),
(2678, 'ac00000103', 'Reso a fornitore per difetti', 0, 2),
(2679, 'ac00000007', 'Vendita a cliente finale', 0, 2),
(2680, 'seg0000001', 'Vendita a dettagliante', 0, 10),
(2681, 'tvb0000001', 'Vendita a dettagliante', 0, 1),
(2682, 'seg0000003', 'Acquisto da fornitore', 17, 0),
(2683, 'ac00000102', 'Acquisto da fornitore', 3, 0),
(2684, 'seg0000002', 'Vendita a cliente finale', 0, 2),
(2685, 'tvg0000011', 'Vendita a dettagliante', 0, 5),
(2686, 'ac00000103', 'Vendita a dettagliante', 0, 9),
(2687, 'ac00000005', 'Vendita a cliente finale', 0, 2),
(2688, 'ac00000004', 'Vendita a dettagliante', 0, 3),
(2689, 'ac00000005', 'Vendita a cliente finale', 0, 1),
(2690, 'ac00000103', 'Vendita a cliente finale', 0, 3),
(2691, 'tvg0000007', 'Vendita a cliente finale', 0, 3),
(2692, 'tvg0000011', 'Vendita a cliente finale', 0, 1),
(2693, 'ac00000100', 'Vendita a dettagliante', 0, 4),
(2694, 'ac00000022', 'Vendita a cliente finale', 0, 1),
(2695, 'ac00000101', 'Acquisto da fornitore', 5, 0),
(2696, 'seg0000002', 'Vendita a cliente finale', 0, 3),
(2697, 'tvg0000013', 'Vendita a cliente finale', 0, 2),
(2698, 'seg0000001', 'Acquisto da fornitore', 10, 0),
(2699, 'ac00000100', 'Vendita a dettagliante', 0, 6),
(2700, 'seg0000004', 'Vendita a cliente finale', 0, 2),
(2701, 'tvg0000013', 'Acquisto da fornitore', 15, 0),
(2702, 'ac00000012', 'Acquisto da fornitore', 7, 0),
(2703, 'ac00000012', 'Acquisto da fornitore', 3, 0),
(2704, 'tvg0000013', 'Vendita a dettagliante', 0, 2),
(2705, 'tvg0000011', 'Vendita a dettagliante', 0, 9),
(2706, 'ac00000008', 'Vendita a dettagliante', 0, 1),
(2707, 'tvb0000001', 'Vendita a dettagliante', 0, 8),
(2708, 'tvg0000007', 'Vendita a cliente finale', 0, 3),
(2709, 'ac00000002', 'Acquisto da fornitore', 19, 0),
(2710, 'ac00000007', 'Acquisto da fornitore', 3, 0),
(2711, 'ac00000102', 'Reso a fornitore per difetti', 0, 1),
(2712, 'tvg0000012', 'Acquisto da fornitore', 5, 0),
(2713, 'ac00000008', 'Vendita a cliente finale', 0, 3),
(2714, 'ac00000008', 'Vendita a dettagliante', 0, 8),
(2715, 'ac00000005', 'Vendita a cliente finale', 0, 2),
(2716, 'ac00000115', 'Acquisto da fornitore', 28, 0),
(2717, 'seb0000001', 'Vendita a cliente finale', 0, 3),
(2718, 'ac00000100', 'Vendita a cliente finale', 0, 3),
(2719, 'seg0000004', 'Vendita a dettagliante', 0, 5),
(2720, 'tvb0000002', 'Vendita a cliente finale', 0, 3),
(2721, 'seg0000002', 'Acquisto da fornitore', 15, 0),
(2722, 'ac00000115', 'Vendita a dettagliante', 0, 1),
(2723, 'tvg0000013', 'Acquisto da fornitore', 38, 0),
(2724, 'tvg0000011', 'Vendita a cliente finale', 0, 2),
(2725, 'tvg0000007', 'Vendita a cliente finale', 0, 3),
(2726, 'ac00000008', 'Vendita a cliente finale', 0, 2),
(2727, 'tvg0000007', 'Vendita a cliente finale', 0, 2),
(2728, 'ac00000102', 'Vendita a dettagliante', 0, 5),
(2729, 'seg0000003', 'Vendita a cliente finale', 0, 3),
(2730, 'ac00000006', 'Vendita a cliente finale', 0, 3),
(2731, 'tvg0000013', 'Vendita a cliente finale', 0, 3),
(2732, 'tvg0000007', 'Vendita a dettagliante', 0, 5),
(2733, 'tvb0000002', 'Acquisto da fornitore', 14, 0),
(2734, 'ac00000001', 'Vendita a cliente finale', 0, 2),
(2735, 'tvg0000012', 'Vendita a cliente finale', 0, 2),
(2736, 'ac00000101', 'Acquisto da fornitore', 5, 0),
(2737, 'ac00000006', 'Vendita a dettagliante', 0, 3),
(2738, 'ac00000006', 'Vendita a dettagliante', 0, 3),
(2739, 'tvg0000011', 'Vendita a dettagliante', 0, 6),
(2740, 'ac00000005', 'Vendita a dettagliante', 0, 2),
(2741, 'ac00000012', 'Acquisto da fornitore', 16, 0),
(2742, 'ac00000103', 'Vendita a dettagliante', 0, 7),
(2743, 'ac00000103', 'Reso a fornitore per difetti', 0, 6),
(2744, 'ac00000012', 'Vendita a cliente finale', 0, 2),
(2745, 'ac00000002', 'Acquisto da fornitore', 16, 0),
(2746, 'tvg0000007', 'Acquisto da fornitore', 18, 0),
(2747, 'tvg0000011', 'Acquisto da fornitore', 14, 0),
(2748, 'ac00000007', 'Vendita a cliente finale', 0, 3),
(2749, 'tvg0000011', 'Vendita a dettagliante', 0, 7),
(2750, 'tvg0000012', 'Vendita a dettagliante', 0, 1),
(2751, 'tvg0000001', 'Acquisto da fornitore', 14, 0),
(2752, 'ac00000102', 'Acquisto da fornitore', 4, 0),
(2753, 'ac00000100', 'Vendita a dettagliante', 0, 1),
(2754, 'seg0000004', 'Vendita a cliente finale', 0, 3),
(2755, 'tvg0000001', 'Vendita a dettagliante', 0, 1),
(2756, 'seb0000001', 'Vendita a dettagliante', 0, 6),
(2757, 'tvb0000001', 'Acquisto da fornitore', 14, 0),
(2758, 'ac00000115', 'Vendita a cliente finale', 0, 2),
(2759, 'ac00000103', 'Vendita a cliente finale', 0, 1),
(2760, 'ac00000100', 'Vendita a dettagliante', 0, 1),
(2761, 'tvg0000012', 'Vendita a dettagliante', 0, 2),
(2762, 'ac00000022', 'Vendita a dettagliante', 0, 1),
(2763, 'seg0000001', 'Vendita a dettagliante', 0, 5),
(2764, 'ac00000100', 'Vendita a cliente finale', 0, 2),
(2765, 'tvg0000011', 'Reso a fornitore per difetti', 0, 4),
(2766, 'tvg0000013', 'Acquisto da fornitore', 7, 0),
(2767, 'ac00000007', 'Reso a fornitore per difetti', 0, 4),
(2768, 'ac00000003', 'Reso a fornitore per difetti', 0, 2),
(2769, 'ac00000008', 'Vendita a cliente finale', 0, 3),
(2770, 'seg0000004', 'Vendita a cliente finale', 0, 1),
(2771, 'tvg0000012', 'Vendita a dettagliante', 0, 11),
(2772, 'ac00000103', 'Vendita a dettagliante', 0, 3),
(2773, 'ac00000007', 'Vendita a dettagliante', 0, 11),
(2774, 'tvb0000001', 'Vendita a cliente finale', 0, 3),
(2775, 'ac00000002', 'Vendita a dettagliante', 0, 4),
(2776, 'ac00000115', 'Vendita a dettagliante', 0, 8),
(2777, 'ac00000007', 'Vendita a cliente finale', 0, 1),
(2778, 'ac00000004', 'Vendita a cliente finale', 0, 3),
(2779, 'ac00000008', 'Acquisto da fornitore', 10, 0),
(2780, 'ac00000002', 'Vendita a cliente finale', 0, 1),
(2781, 'seg0000001', 'Vendita a dettagliante', 0, 8),
(2782, 'ac00000115', 'Vendita a cliente finale', 0, 2),
(2783, 'tvb0000002', 'Acquisto da fornitore', 12, 0),
(2784, 'tvg0000013', 'Vendita a dettagliante', 0, 3),
(2785, 'ac00000012', 'Vendita a cliente finale', 0, 2),
(2786, 'ac00000022', 'Acquisto da fornitore', 10, 0),
(2787, 'seg0000002', 'Vendita a cliente finale', 0, 3),
(2788, 'tvg0000011', 'Acquisto da fornitore', 8, 0),
(2789, 'tvb0000002', 'Vendita a cliente finale', 0, 2),
(2790, 'seb0000001', 'Vendita a cliente finale', 0, 1),
(2791, 'ac00000001', 'Vendita a cliente finale', 0, 3),
(2792, 'ac00000103', 'Vendita a cliente finale', 0, 2),
(2793, 'tvg0000011', 'Acquisto da fornitore', 5, 0),
(2794, 'tvb0000002', 'Vendita a cliente finale', 0, 3),
(2795, 'seg0000003', 'Acquisto da fornitore', 3, 0),
(2796, 'seg0000004', 'Acquisto da fornitore', 5, 0),
(2797, 'ac00000006', 'Vendita a cliente finale', 0, 2),
(2798, 'ac00000100', 'Vendita a cliente finale', 0, 3),
(2799, 'tvg0000011', 'Acquisto da fornitore', 13, 0),
(2800, 'tvg0000011', 'Vendita a cliente finale', 0, 1),
(2801, 'ac00000008', 'Vendita a cliente finale', 0, 1),
(2802, 'seb0000001', 'Acquisto da fornitore', 10, 0),
(2803, 'ac00000115', 'Vendita a cliente finale', 0, 1),
(2804, 'seg0000003', 'Vendita a cliente finale', 0, 3),
(2805, 'ac00000006', 'Vendita a cliente finale', 0, 1),
(2806, 'ac00000102', 'Acquisto da fornitore', 5, 0),
(2807, 'tvg0000011', 'Vendita a cliente finale', 0, 2),
(2808, 'seg0000002', 'Vendita a dettagliante', 0, 2),
(2809, 'tvg0000001', 'Vendita a cliente finale', 0, 1),
(2810, 'tvg0000001', 'Acquisto da fornitore', 3, 0),
(2811, 'ac00000006', 'Vendita a dettagliante', 0, 8),
(2812, 'ac00000001', 'Vendita a cliente finale', 0, 1),
(2813, 'ac00000022', 'Vendita a dettagliante', 0, 1),
(2814, 'ac00000022', 'Vendita a dettagliante', 0, 5),
(2815, 'ac00000007', 'Reso a fornitore per difetti', 0, 4),
(2816, 'ac00000007', 'Vendita a cliente finale', 0, 2),
(2817, 'ac00000103', 'Reso a fornitore per difetti', 0, 4),
(2818, 'tvg0000007', 'Vendita a dettagliante', 0, 7),
(2819, 'tvb0000002', 'Acquisto da fornitore', 14, 0),
(2820, 'ac00000101', 'Acquisto da fornitore', 2, 0),
(2821, 'ac00000101', 'Vendita a cliente finale', 0, 2),
(2822, 'seg0000002', 'Vendita a cliente finale', 0, 3),
(2823, 'seg0000004', 'Acquisto da fornitore', 17, 0),
(2824, 'ac00000115', 'Vendita a cliente finale', 0, 3),
(2825, 'ac00000006', 'Vendita a dettagliante', 0, 3),
(2826, 'ac00000103', 'Vendita a cliente finale', 0, 2),
(2827, 'seg0000004', 'Vendita a cliente finale', 0, 2),
(2828, 'ac00000003', 'Vendita a cliente finale', 0, 3),
(2829, 'ac00000102', 'Acquisto da fornitore', 16, 0),
(2830, 'seg0000003', 'Vendita a cliente finale', 0, 2),
(2831, 'seg0000001', 'Vendita a cliente finale', 0, 2),
(2832, 'tvb0000001', 'Acquisto da fornitore', 5, 0),
(2833, 'seg0000004', 'Vendita a dettagliante', 0, 7),
(2834, 'ac00000001', 'Vendita a cliente finale', 0, 2),
(2835, 'ac00000005', 'Vendita a cliente finale', 0, 1),
(2836, 'tvg0000001', 'Vendita a cliente finale', 0, 3),
(2837, 'tvb0000001', 'Acquisto da fornitore', 8, 0),
(2838, 'ac00000004', 'Vendita a cliente finale', 0, 3),
(2839, 'ac00000006', 'Acquisto da fornitore', 4, 0),
(2840, 'ac00000102', 'Vendita a cliente finale', 0, 2),
(2841, 'tvb0000002', 'Vendita a cliente finale', 0, 1),
(2842, 'tvb0000001', 'Acquisto da fornitore', 4, 0),
(2843, 'ac00000001', 'Reso a fornitore per difetti', 0, 2),
(2844, 'ac00000101', 'Vendita a cliente finale', 0, 8),
(2845, 'seg0000004', 'Vendita a cliente finale', 0, 3),
(2846, 'tvg0000001', 'Vendita a cliente finale', 0, 1),
(2847, 'seg0000001', 'Acquisto da fornitore', 1, 0),
(2848, 'ac00000102', 'Acquisto da fornitore', 9, 0),
(2849, 'seb0000001', 'Vendita a cliente finale', 0, 1),
(2850, 'ac00000103', 'Vendita a cliente finale', 0, 2),
(2851, 'ac00000003', 'Vendita a cliente finale', 0, 1),
(2852, 'tvb0000002', 'Acquisto da fornitore', 11, 0),
(2853, 'seg0000002', 'Vendita a cliente finale', 0, 3),
(2854, 'ac00000001', 'Vendita a dettagliante', 0, 3),
(2855, 'ac00000006', 'Vendita a dettagliante', 0, 4),
(2856, 'tvb0000001', 'Acquisto da fornitore', 12, 0),
(2857, 'tvg0000013', 'Vendita a cliente finale', 0, 1),
(2858, 'ac00000002', 'Acquisto da fornitore', 9, 0),
(2859, 'ac00000005', 'Vendita a cliente finale', 0, 1),
(2860, 'tvg0000011', 'Vendita a cliente finale', 0, 1),
(2861, 'seg0000004', 'Vendita a dettagliante', 0, 9),
(2862, 'tvg0000012', 'Vendita a dettagliante', 0, 1),
(2863, 'ac00000100', 'Vendita a dettagliante', 0, 10),
(2864, 'ac00000103', 'Vendita a cliente finale', 0, 2),
(2865, 'ac00000008', 'Vendita a cliente finale', 0, 1),
(2866, 'ac00000003', 'Vendita a cliente finale', 0, 2),
(2867, 'ac00000102', 'Vendita a cliente finale', 0, 3),
(2868, 'ac00000002', 'Vendita a cliente finale', 0, 1),
(2869, 'tvg0000013', 'Vendita a dettagliante', 0, 1),
(2870, 'ac00000007', 'Vendita a cliente finale', 0, 2),
(2871, 'tvb0000002', 'Vendita a cliente finale', 0, 2),
(2872, 'seg0000002', 'Vendita a cliente finale', 0, 3),
(2873, 'ac00000003', 'Acquisto da fornitore', 13, 0),
(2874, 'tvg0000007', 'Vendita a dettagliante', 0, 9),
(2875, 'ac00000002', 'Vendita a dettagliante', 0, 3),
(2876, 'tvb0000002', 'Vendita a dettagliante', 0, 8),
(2877, 'ac00000008', 'Vendita a dettagliante', 0, 3),
(2878, 'ac00000008', 'Vendita a cliente finale', 0, 2),
(2879, 'seg0000001', 'Vendita a dettagliante', 0, 8),
(2880, 'ac00000100', 'Vendita a cliente finale', 0, 2),
(2881, 'seg0000001', 'Acquisto da fornitore', 9, 0),
(2882, 'ac00000100', 'Vendita a cliente finale', 0, 1),
(2883, 'ac00000004', 'Vendita a dettagliante', 0, 2),
(2884, 'ac00000008', 'Acquisto da fornitore', 18, 0),
(2885, 'ac00000008', 'Vendita a cliente finale', 0, 2),
(2886, 'ac00000012', 'Vendita a dettagliante', 0, 5),
(2887, 'ac00000002', 'Vendita a cliente finale', 0, 2),
(2888, 'seg0000003', 'Vendita a cliente finale', 0, 2),
(2889, 'tvg0000007', 'Vendita a cliente finale', 0, 2),
(2890, 'ac00000006', 'Acquisto da fornitore', 8, 0),
(2891, 'ac00000101', 'Vendita a cliente finale', 0, 5),
(2892, 'tvg0000013', 'Reso a fornitore per difetti', 0, 2),
(2893, 'ac00000003', 'Vendita a dettagliante', 0, 8),
(2894, 'ac00000007', 'Vendita a cliente finale', 0, 1),
(2895, 'ac00000002', 'Vendita a cliente finale', 0, 3),
(2896, 'seg0000003', 'Acquisto da fornitore', 11, 0),
(2897, 'ac00000003', 'Acquisto da fornitore', 35, 0),
(2898, 'ac00000102', 'Vendita a cliente finale', 0, 1),
(2899, 'ac00000003', 'Reso a fornitore per difetti', 0, 2),
(2900, 'tvg0000007', 'Vendita a cliente finale', 0, 2),
(2901, 'ac00000022', 'Vendita a cliente finale', 0, 2),
(2902, 'ac00000103', 'Vendita a dettagliante', 0, 3),
(2903, 'ac00000003', 'Vendita a cliente finale', 0, 1),
(2904, 'tvb0000001', 'Vendita a cliente finale', 0, 3),
(2905, 'ac00000005', 'Acquisto da fornitore', 9, 0),
(2906, 'ac00000003', 'Vendita a cliente finale', 0, 1),
(2907, 'ac00000002', 'Acquisto da fornitore', 7, 0),
(2908, 'ac00000103', 'Acquisto da fornitore', 12, 0),
(2909, 'seb0000001', 'Vendita a dettagliante', 0, 10),
(2910, 'seg0000004', 'Vendita a cliente finale', 0, 3),
(2911, 'ac00000101', 'Acquisto da fornitore', 10, 0),
(2912, 'tvg0000011', 'Vendita a cliente finale', 0, 3),
(2913, 'tvg0000013', 'Vendita a cliente finale', 0, 1),
(2914, 'seg0000004', 'Vendita a dettagliante', 0, 2),
(2915, 'ac00000001', 'Vendita a cliente finale', 0, 2),
(2916, 'ac00000103', 'Vendita a cliente finale', 0, 1),
(2917, 'tvb0000001', 'Vendita a cliente finale', 0, 1),
(2918, 'seb0000001', 'Vendita a cliente finale', 0, 3),
(2919, 'ac00000100', 'Vendita a dettagliante', 0, 3),
(2920, 'ac00000102', 'Vendita a cliente finale', 0, 1),
(2921, 'ac00000103', 'Acquisto da fornitore', 1, 0),
(2922, 'tvg0000007', 'Vendita a cliente finale', 0, 3),
(2923, 'ac00000008', 'Acquisto da fornitore', 13, 0),
(2924, 'seg0000001', 'Acquisto da fornitore', 5, 0),
(2925, 'ac00000101', 'Reso a fornitore per difetti', 0, 7),
(2926, 'ac00000101', 'Vendita a dettagliante', 0, 4),
(2927, 'tvb0000002', 'Vendita a cliente finale', 0, 2),
(2928, 'ac00000002', 'Vendita a cliente finale', 0, 1),
(2929, 'ac00000101', 'Vendita a dettagliante', 0, 15),
(2930, 'ac00000103', 'Vendita a dettagliante', 0, 9),
(2931, 'ac00000022', 'Vendita a dettagliante', 0, 3),
(2932, 'tvb0000001', 'Acquisto da fornitore', 13, 0),
(2933, 'ac00000003', 'Vendita a cliente finale', 0, 1),
(2934, 'tvg0000012', 'Vendita a dettagliante', 0, 5),
(2935, 'ac00000012', 'Vendita a cliente finale', 0, 2),
(2936, 'ac00000102', 'Acquisto da fornitore', 12, 0),
(2937, 'tvb0000001', 'Vendita a dettagliante', 0, 8),
(2938, 'tvg0000012', 'Vendita a cliente finale', 0, 3),
(2939, 'tvb0000002', 'Vendita a dettagliante', 0, 6),
(2940, 'ac00000008', 'Vendita a dettagliante', 0, 4),
(2941, 'ac00000022', 'Vendita a cliente finale', 0, 1),
(2942, 'ac00000100', 'Acquisto da fornitore', 18, 0),
(2943, 'ac00000102', 'Vendita a cliente finale', 0, 1),
(2944, 'ac00000012', 'Vendita a cliente finale', 0, 3),
(2945, 'ac00000006', 'Vendita a dettagliante', 0, 9);
INSERT INTO `movimentazione` (`ID`, `codice_articolo`, `descrizione`, `carico`, `scarico`) VALUES
(2946, 'ac00000103', 'Acquisto da fornitore', 11, 0),
(2947, 'tvb0000002', 'Vendita a dettagliante', 0, 8),
(2948, 'ac00000002', 'Acquisto da fornitore', 19, 0),
(2949, 'seb0000001', 'Vendita a cliente finale', 0, 1),
(2950, 'tvg0000007', 'Vendita a cliente finale', 0, 3),
(2951, 'tvg0000001', 'Vendita a dettagliante', 0, 1),
(2952, 'seg0000004', 'Vendita a cliente finale', 0, 2),
(2953, 'ac00000100', 'Vendita a cliente finale', 0, 2),
(2954, 'ac00000101', 'Vendita a cliente finale', 0, 3),
(2955, 'ac00000115', 'Acquisto da fornitore', 22, 0),
(2956, 'ac00000102', 'Acquisto da fornitore', 18, 0),
(2957, 'ac00000012', 'Vendita a dettagliante', 0, 7),
(2958, 'ac00000012', 'Vendita a dettagliante', 0, 1),
(2959, 'tvg0000001', 'Vendita a dettagliante', 0, 1),
(2960, 'ac00000001', 'Vendita a dettagliante', 0, 6),
(2961, 'ac00000102', 'Vendita a cliente finale', 0, 1),
(2962, 'tvg0000012', 'Vendita a cliente finale', 0, 3),
(2963, 'ac00000006', 'Acquisto da fornitore', 11, 0),
(2964, 'ac00000022', 'Reso a fornitore per difetti', 0, 3),
(2965, 'ac00000004', 'Acquisto da fornitore', 10, 0),
(2966, 'ac00000001', 'Vendita a dettagliante', 0, 2),
(2967, 'ac00000003', 'Acquisto da fornitore', 8, 0),
(2968, 'ac00000012', 'Vendita a dettagliante', 0, 1),
(2969, 'tvb0000002', 'Vendita a cliente finale', 0, 3),
(2970, 'tvb0000001', 'Reso a fornitore per difetti', 0, 6),
(2971, 'seb0000001', 'Vendita a dettagliante', 0, 5),
(2972, 'ac00000102', 'Vendita a dettagliante', 0, 9),
(2973, 'ac00000012', 'Vendita a cliente finale', 0, 1),
(2974, 'ac00000012', 'Vendita a cliente finale', 0, 3),
(2975, 'ac00000004', 'Acquisto da fornitore', 12, 0),
(2976, 'tvg0000012', 'Vendita a cliente finale', 0, 1),
(2977, 'ac00000003', 'Vendita a cliente finale', 0, 1),
(2978, 'seg0000002', 'Acquisto da fornitore', 48, 0),
(2979, 'tvg0000013', 'Vendita a cliente finale', 0, 1),
(2980, 'tvg0000013', 'Vendita a cliente finale', 0, 1),
(2981, 'ac00000003', 'Vendita a cliente finale', 0, 1),
(2982, 'ac00000008', 'Vendita a dettagliante', 0, 10),
(2983, 'ac00000008', 'Acquisto da fornitore', 8, 0),
(2984, 'ac00000115', 'Vendita a cliente finale', 0, 1),
(2985, 'ac00000001', 'Vendita a cliente finale', 0, 3),
(2986, 'tvg0000011', 'Vendita a cliente finale', 0, 3),
(2987, 'ac00000002', 'Vendita a cliente finale', 0, 1),
(2988, 'tvg0000011', 'Vendita a cliente finale', 0, 1),
(2989, 'seg0000001', 'Vendita a dettagliante', 0, 1),
(2990, 'ac00000001', 'Vendita a cliente finale', 0, 3),
(2991, 'ac00000005', 'Vendita a cliente finale', 0, 2),
(2992, 'seg0000004', 'Reso a fornitore per difetti', 0, 1),
(2993, 'ac00000103', 'Vendita a cliente finale', 0, 1),
(2994, 'ac00000102', 'Vendita a dettagliante', 0, 4),
(2995, 'ac00000004', 'Acquisto da fornitore', 14, 0),
(2996, 'ac00000012', 'Acquisto da fornitore', 10, 0),
(2997, 'ac00000115', 'Vendita a cliente finale', 0, 3),
(2998, 'ac00000004', 'Vendita a dettagliante', 0, 2),
(2999, 'ac00000004', 'Vendita a dettagliante', 0, 4),
(3000, 'tvb0000001', 'Vendita a cliente finale', 0, 1),
(3001, 'tvg0000013', 'Vendita a dettagliante', 0, 2),
(3002, 'seg0000001', 'Vendita a dettagliante', 0, 5),
(3003, 'seg0000004', 'Vendita a cliente finale', 0, 3),
(3004, 'ac00000007', 'Vendita a cliente finale', 0, 3),
(3005, 'ac00000004', 'Vendita a dettagliante', 0, 10),
(3006, 'ac00000022', 'Vendita a dettagliante', 0, 11),
(3007, 'ac00000103', 'Vendita a cliente finale', 0, 2),
(3008, 'tvg0000007', 'Vendita a cliente finale', 0, 2),
(3009, 'tvg0000013', 'Vendita a dettagliante', 0, 4),
(3010, 'ac00000005', 'Vendita a dettagliante', 0, 10),
(3011, 'ac00000006', 'Vendita a dettagliante', 0, 10),
(3012, 'ac00000022', 'Acquisto da fornitore', 6, 0),
(3013, 'ac00000100', 'Vendita a dettagliante', 0, 2),
(3014, 'ac00000001', 'Acquisto da fornitore', 12, 0),
(3015, 'tvg0000012', 'Vendita a cliente finale', 0, 2),
(3016, 'tvg0000007', 'Vendita a cliente finale', 0, 3),
(3017, 'ac00000003', 'Acquisto da fornitore', 4, 0),
(3018, 'seg0000004', 'Vendita a dettagliante', 0, 7),
(3019, 'ac00000001', 'Vendita a dettagliante', 0, 6),
(3020, 'seg0000001', 'Vendita a cliente finale', 0, 2),
(3021, 'ac00000100', 'Acquisto da fornitore', 7, 0),
(3022, 'ac00000001', 'Vendita a dettagliante', 0, 9),
(3023, 'seg0000004', 'Vendita a cliente finale', 0, 1),
(3024, 'ac00000012', 'Vendita a cliente finale', 0, 2),
(3025, 'ac00000003', 'Vendita a cliente finale', 0, 1),
(3026, 'tvg0000012', 'Vendita a cliente finale', 0, 2),
(3027, 'seg0000004', 'Acquisto da fornitore', 13, 0),
(3028, 'tvb0000001', 'Acquisto da fornitore', 2, 0),
(3029, 'tvg0000013', 'Vendita a cliente finale', 0, 2),
(3030, 'tvb0000001', 'Acquisto da fornitore', 6, 0),
(3031, 'ac00000004', 'Vendita a cliente finale', 0, 2),
(3032, 'ac00000103', 'Vendita a cliente finale', 0, 1),
(3033, 'ac00000100', 'Vendita a cliente finale', 0, 2),
(3034, 'ac00000006', 'Vendita a dettagliante', 0, 5),
(3035, 'ac00000006', 'Reso a fornitore per difetti', 0, 6),
(3036, 'ac00000002', 'Vendita a dettagliante', 0, 4),
(3037, 'ac00000005', 'Acquisto da fornitore', 15, 0),
(3038, 'tvb0000001', 'Vendita a cliente finale', 0, 1);

-- phpMyAdmin SQL Dump
-- version 3.3.3
-- http://www.phpmyadmin.net
--
-- Host: localhost
-- Generato il: 06 feb, 2015 at 10:07 AM
-- Versione MySQL: 5.1.46
-- Versione PHP: 5.3.2

SET SQL_MODE="NO_AUTO_VALUE_ON_ZERO";


/*!40101 SET @OLD_CHARACTER_SET_CLIENT=@@CHARACTER_SET_CLIENT */;
/*!40101 SET @OLD_CHARACTER_SET_RESULTS=@@CHARACTER_SET_RESULTS */;
/*!40101 SET @OLD_COLLATION_CONNECTION=@@COLLATION_CONNECTION */;
/*!40101 SET NAMES utf8 */;

--
-- Database: `20150220`
--

-- --------------------------------------------------------

--
-- Struttura della tabella `telefoni`
--

CREATE TABLE IF NOT EXISTS `telefoni` (
  `id_telefono` int(2) DEFAULT NULL,
  `fornitore` int(1) DEFAULT NULL,
  `telefono` varchar(11) DEFAULT NULL,
  `persona` varchar(15) DEFAULT NULL
) ENGINE=MyISAM DEFAULT CHARSET=utf8;

--
-- Dump dei dati per la tabella `telefoni`
--

INSERT INTO `telefoni` (`id_telefono`, `fornitore`, `telefono`, `persona`) VALUES
(1, 1, '035/124444', 'Ing.Guidotti'),
(2, 1, '035/124445', 'Dott.Panzini'),
(3, 2, '035/245445', 'Rag.Mistretta'),
(4, 2, '035/245447', 'Sig.Luci'),
(5, 2, '035/245448', 'Rag.Astulfoni'),
(6, 3, '02/5434562', 'Ing.Tosello'),
(7, 3, '02/5434565', 'Dott.Guicciardi'),
(8, 3, '02/5434566', 'Rag.Salvetti'),
(9, 4, '011/2253741', 'Sig.Carrari'),
(10, 4, '011/2253747', 'Dott.ssa Poggio');
